2021-02-20 10:35:32,1363074805344260096,RT @EasySoccerNews: Chelsea Houska SUED for $3M -- Granted a POSTPONEMENT in Case!: Former Teen Mom 2 star Chelsea Houska is being sued for‚Ä¶,3M Company,Industrials
2021-02-20 10:35:32,1363074805184876548,RT @EasySoccerNews: Chelsea Houska SUED for $3M -- Granted a POSTPONEMENT in Case!: Former Teen Mom 2 star Chelsea Houska is being sued for‚Ä¶,3M Company,Industrials
2021-02-20 10:35:32,1363074804513861633,RT @EasySoccerNews: Chelsea Houska SUED for $3M -- Granted a POSTPONEMENT in Case!: Former Teen Mom 2 star Chelsea Houska is being sued for‚Ä¶,3M Company,Industrials
2021-02-20 10:35:06,1363074692551086086,Chelsea Houska SUED for $3M -- Granted a POSTPONEMENT in Case!: Former Teen Mom 2 star Chelsea Houska is being sued‚Ä¶ https://t.co/pCpHRscaRI,3M Company,Industrials
2021-02-20 10:18:20,1363070476856266752,RT @Wayne54017209: 2.5 BILLION for a Lab on Mars22 BILLION for a failed Track and Trace App600m to a company who has failed to pay a ta‚Ä¶,3M Company,Industrials
2021-02-20 08:57:56,1363050241616830467,"New post (Hot and Cold Therapy Packs Market Development Trend 2021 to 2026 | 3M Company, Beiersdorf Australia, BREG‚Ä¶ https://t.co/pa4pPqQGf6",3M Company,Industrials
2021-02-20 08:27:58,1363042701768327168,RT @Wayne54017209: 2.5 BILLION for a Lab on Mars22 BILLION for a failed Track and Trace App600m to a company who has failed to pay a ta‚Ä¶,3M Company,Industrials
2021-02-20 08:27:53,1363042679983079426,RT @Wayne54017209: 2.5 BILLION for a Lab on Mars22 BILLION for a failed Track and Trace App600m to a company who has failed to pay a ta‚Ä¶,3M Company,Industrials
2021-02-20 08:12:30,1363038809240272899,RT @JDruryPartners: Stanley Black &amp; Decker adds Jane Palmieri (President-Industrial Intermediates &amp; Infrastructure-‚Ä¶ https://t.co/VkJNvqV66E,3M Company,Industrials
2021-02-20 07:44:03,1363031649873780737,"RT @haveibeenpwned: New breach: Gym management software company Glofox had 2.3M accounts breached in March. Data included email addresses,‚Ä¶",3M Company,Industrials
2021-02-18 18:54:18,1362475544680488960,"$AOS:New Insider Filing on SMITH A O CORP'sSVP, Global OperationsPAUL R DANA:https://t.co/15dOZnJmnz",A.O. Smith Corp,Industrials
2021-02-18 17:02:26,1362447393069948933,"$AOS:New Insider Filing on SMITH A O CORP'sSVP, Strategy &amp; Corporate Dev.DANIEL L KEMPKEN:https://t.co/1EKy2B2CG5",A.O. Smith Corp,Industrials
2021-02-17 20:56:24,1362143884466393090,$AOS:New Insider Filing on SMITH A O CORP'sSenior Vice Pres. - H.R. &amp; P.AMARK A PETRARCA:https://t.co/CBuEHFknn7,A.O. Smith Corp,Industrials
2021-02-17 20:42:24,1362140361313972229,"$AOS:New Insider Filing on SMITH A O CORP'sChairman, President and CEOKEVIN J. WHEELER:https://t.co/TGTauJDbPV",A.O. Smith Corp,Industrials
2021-02-17 20:40:24,1362139858693685258,$AOS:New Insider Filing on SMITH A O CORP'sSenior VP &amp; President and GMDAVID R WARREN:https://t.co/8QNLkqM5x9,A.O. Smith Corp,Industrials
2021-02-17 20:21:17,1362135049479553025,"$AOS:New Insider Filing on SMITH A O CORP'sExec VP, General Counsel &amp; SecJAMES F STERN:https://t.co/1FuG0wygMw",A.O. Smith Corp,Industrials
2021-02-17 20:16:30,1362133844451819525,"$AOS:New Insider Filing on SMITH A O CORP'sPresident &amp; GM, Lochinvar, LLCWALLACE E GOODWIN:https://t.co/1KyiW9shIW",A.O. Smith Corp,Industrials
2021-02-17 20:11:26,1362132568112562182,$AOS:New Insider Filing on SMITH A O CORP'sSVP - Pres. A. O. Smith ChinaJACK QIU:https://t.co/njjrb2bePV,A.O. Smith Corp,Industrials
2021-02-17 20:10:18,1362132282799177734,"$AOS:New Insider Filing on SMITH A O CORP'sSenior VP, CTOROBERT J HEIDEMAN:https://t.co/N6OzFASiLs",A.O. Smith Corp,Industrials
2021-02-17 20:07:34,1362131598750138375,$AOS:New Insider Filing on SMITH A O CORP'sExecutive ChairmanAJITA G RAJENDRA:https://t.co/yNR6CkWp9h,A.O. Smith Corp,Industrials
2021-02-20 07:06:23,1363022170738294789,$ABT:New Insider Filing on ABBOTT LABORATORIES'sEXECUTIVE VICE PRESIDENTMARY K MORELAND:https://t.co/GS3BXzEvZd,Abbott Laboratories,Health Care
2021-02-20 02:34:14,1362953678773248002,"Abbott Laboratories (NYSE:ABT) declares $0.45/share quarterly dividend, in line with previous.Forward yield 1.46%‚Ä¶ https://t.co/1pZMGn1iT5",Abbott Laboratories,Health Care
2021-02-19 22:48:00,1362896745802342400,"In this episode of Brain Injury Insider, host Michael V. Kaplen discusses a new ""rapid"" traumatic brain injury bloo‚Ä¶ https://t.co/ClIlAh1IUE",Abbott Laboratories,Health Care
2021-02-19 21:22:40,1362875273537069056,$ABT New Form 10-K for Abbott LaboratoriesFrom our Stock News Alerts App,Abbott Laboratories,Health Care
2021-02-19 21:14:15,1362873153727451136,$ABT / Abbott Laboratories files form 10-K https://t.co/hVYBhXcIkH,Abbott Laboratories,Health Care
2021-02-19 20:23:02,1362860264480202752,[Job] Manufacturing Engineering Technician (Night Shift) | Company: Abbott Laboratories | Location: Longford LD  Ir‚Ä¶ https://t.co/9n6l1bC824,Abbott Laboratories,Health Care
2021-02-19 17:59:23,1362824112381509632,$ABT:New Insider Filing on ABBOTT LABORATORIES'sVICE PRESIDENTPHILIP P BOUDREAU:https://t.co/PfoBUzr54m,Abbott Laboratories,Health Care
2021-02-19 15:30:36,1362786672044355584,"Polymerase Chain Reaction Market Set for Stupendous Growth in and Post 2027, Buoyed by the Global COVID-19 Pandemic‚Ä¶ https://t.co/U6spkhTZJI",Abbott Laboratories,Health Care
2021-02-19 15:29:06,1362786293013385220,REVERSALtoDOWN: $ABT Abbott Laboratories https://t.co/bZJJZxvWSG üìâ üîú TradeIdeas via ‚ü∂ https://t.co/ZgCyz4rX3x,Abbott Laboratories,Health Care
2021-02-19 14:39:18,1362773759506214914,"The Abbott Laboratories ""cradle to grave"" meal-replacement paradigmSimilac : infancyPedialyte : childhoodEnsure‚Ä¶ https://t.co/LNi0Z7PfSB",Abbott Laboratories,Health Care
2021-02-19 19:13:27,1362842753676292096,$ABBV AbbVie Inc. SEC Filing: Form 10-K https://t.co/g6javlr1Py,AbbVie Inc.,Health Care
2021-02-19 15:10:05,1362781507387990018,"üîé Trending Stocks : $EOLS Evolus Inc #TrendingStocks February 19, 2021 09:15:00 am https://t.co/4LX1ag2Fh9",AbbVie Inc.,Health Care
2021-02-19 15:06:01,1362780485236195330,"$EOLS Evolus, Inc. $EOLS 13.15 +5.99 (+83.66%)$EOLS Evolus Inc.will pay $ABBV AbbVie Inc.‚Äôs Allergan so it can‚Ä¶ https://t.co/rMxRUNLY7o",AbbVie Inc.,Health Care
2021-02-19 14:16:14,1362767955478601730,$EOLS $ABBV - ABBVIE INC - CALIFORNIA COURT CASE FILED BY MEDYTOX AGAINST EVOLUS WILL BE DISMISSED,AbbVie Inc.,Health Care
2021-02-19 06:00:09,1362643113811054592,$ABBV is today ranked #4 in the Daily Gambiste Big Cap rating. AbbVie Inc. Common Stock is today top rated. Check t‚Ä¶ https://t.co/qrP40LYGNs,AbbVie Inc.,Health Care
2021-02-19 01:18:28,1362572225858084865,"$ARKG 02/18/2021 Buy $ABBV ABBVIE INC 186,105 shares",AbbVie Inc.,Health Care
2021-02-19 01:00:00,1362567577415770117,"DATA for:2/18/2021= Big Add =$ABBV - AbbVie Inc. $187.25bio | Healthcare$ARKG added 191.1k shs for +45.9% , a‚Ä¶ https://t.co/bIRGUk7fEO",AbbVie Inc.,Health Care
2021-02-19 00:02:15,1362553043372437508,Connecting Live on CLL: What I Wish I Knew at DiagnosisWe‚Äôre excited to join Patient Power advocates and chronic l‚Ä¶ https://t.co/K0Btta4Msm,AbbVie Inc.,Health Care
2021-02-18 22:58:31,1362537007424049156,"RT @Pairsonnalites: Global HIV Diagnostics Market Growth- Alere Inc., Abbott Healthcare, Abbvie Inc., Brsitol-Myers ...: Latest research re‚Ä¶",AbbVie Inc.,Health Care
2021-02-18 03:25:47,1362241877836238852,"RT @ArkSharing: DATA for:2/17/2021= Big Add =$ABBV - AbbVie Inc. $187.65bio | Healthcare$ARKG added 294.6k shs for +241.6% , and hold‚Ä¶",AbbVie Inc.,Health Care
2021-02-19 00:35:38,1362561444315766785,$ACN #Accenture Cl A ACN - Embedded Expectations Analysis - 2021 02 18: Accenture plc (ACN:USA) currently trades at‚Ä¶ https://t.co/909moV4135,Accenture plc,Information Technology
2021-02-18 13:55:03,1362400238842109953,North America Human Resource Management Software Market to Witness an Outstanding Growth During 2020 With Top Key P‚Ä¶ https://t.co/vrz5TM206g,Accenture plc,Information Technology
2021-02-18 10:36:24,1362350246337126401,"The global #DigitalTransformation Market is expected to reach the market valuation of US$ 3,693.8 billion by 2026‚Ä¶ https://t.co/qxKojpT9m3",Accenture plc,Information Technology
2021-02-18 08:13:15,1362314219534888963,"Information Security Consulting Market 2021 Comprensive Insights ‚Äì Ernst &amp; Young Global Limited, International Busi‚Ä¶ https://t.co/h5hOoYTXVX",Accenture plc,Information Technology
2021-02-17 16:35:32,1362078238760202249,Europe Strategy Consulting Market Comprehensive Analysis on types and application 2020-2025 | Top Key Players Like‚Ä¶ https://t.co/I3iPmpv7Po,Accenture plc,Information Technology
2021-02-17 13:06:29,1362025627310845956,"Open Source Service Market 2021 Competitive Insights ‚Äì Accenture PLC, Oracle Corporation, Cisco Systems, Inc., Open‚Ä¶ https://t.co/w2DB7u1JPT",Accenture plc,Information Technology
2021-02-17 12:50:32,1362021615769325573,Big Data as a Service (BDaaS) Market Worth USD 93.52 Billion at 28.2% CAGR; Growing E ...: Key Companies Covered in‚Ä¶ https://t.co/u0KZf45NR6,Accenture plc,Information Technology
2021-02-17 08:43:35,1361959465428414464,International Enterprise Analytics BPO Providers Market 2020 Enterprise Methods : Key Gamers ‚Äì Tata Consultancy Pro‚Ä¶ https://t.co/YP0NrjAjPg,Accenture plc,Information Technology
2021-02-16 15:35:26,1361700722451116032,@cashdaddiespod Accenture PLC NYSE: ACN,Accenture plc,Information Technology
2021-02-16 15:30:16,1361699422875365379,"@cashdaddiespod @chrisneffcomedy Accenture PLC NYSE: ACN   JULY 30, 2020Bank of England Selects Accenture to Renew‚Ä¶ https://t.co/Dj6tW4d1uP",Accenture plc,Information Technology
2021-02-20 11:00:32,1363081093478576129,"@talecrafter Yeah, but back then Morhaime and the rest had control on Blizzard, and weren't willing participants of‚Ä¶ https://t.co/bdyLf1GinK",Activision Blizzard,Information Technology
2021-02-20 10:57:34,1363080349757046794,"RT @TBT1989: Kristian Nairn, Metallica &amp; MAMAMOO?That's okay, but what about the Fleetwood Mac band?They 'Little Lies' single perfectly m‚Ä¶",Activision Blizzard,Information Technology
2021-02-20 10:54:52,1363079668191141891,@Twitch Streaming the game on Twitch and getting hit with a DCMA from Activision/Blizzard.,Activision Blizzard,Information Technology
2021-02-20 10:54:17,1363079521004630016,"Kristian Nairn, Metallica &amp; MAMAMOO?That's okay, but what about the Fleetwood Mac band?They 'Little Lies' single‚Ä¶ https://t.co/gOro0MY7j4",Activision Blizzard,Information Technology
2021-02-20 10:33:28,1363074282683854852,Saw the Diablo 2 announcement. Thing is I uninstalled battlenet for a reason. I couldn't care less. Activision-Bliz‚Ä¶ https://t.co/RdCFmfTm7G,Activision Blizzard,Information Technology
2021-02-20 10:33:17,1363074237196550145,"RT @GameSpot: Gaming is on the rise due to COVID-19, and Saudi Arabia's government is taking notice, investing heavily in EA, Activision Bl‚Ä¶",Activision Blizzard,Information Technology
2021-02-20 10:24:23,1363071997664776194,@Arekkz Giving a cent to Activision/Blizzard in 2021?No thanks. üëé,Activision Blizzard,Information Technology
2021-02-20 10:22:51,1363071609825857536,"Saudi Arabia invests $3.3B in EA, Activision Blizzard, Take-Two https://t.co/bOU5q8uB5o",Activision Blizzard,Information Technology
2021-02-20 10:22:27,1363071510789971968,"@CallofDuty @Activision @Activision @Blizzard_Ent @Treyarch For the last few months,COD Cold War is unplayable,cra‚Ä¶ https://t.co/jwrrh0z9It",Activision Blizzard,Information Technology
2021-02-20 10:02:18,1363066438345494532,"@eshu_chan In any case, I wouldn't buy anything from Activision-Blizzard as a preorder or even on a launch day. Zer‚Ä¶ https://t.co/FlGiDvf5AM",Activision Blizzard,Information Technology
2021-02-19 12:08:06,1362735709006811137,"Acuity Brands, Inc current quarter revenue growth YoY of -15.10% ranked 2964 out of 5480 companies in our database.‚Ä¶ https://t.co/eOVlGaVw0G",Acuity Brands Inc,Industrials
2021-02-19 08:13:03,1362676557827997696,"Acuity Brands, Inc current quarter revenue growth YoY of -15.10% ranked 2964 out of 5480 companies in our database.‚Ä¶ https://t.co/C79ac66775",Acuity Brands Inc,Industrials
2021-02-17 12:56:32,1362023124863098880,"Bluetooth Smart Lighting Market 2021 Analysis By Geographical Regions, Type And Application Till 2025 With Top Key‚Ä¶ https://t.co/PNhKzcEf7q",Acuity Brands Inc,Industrials
2021-02-16 00:17:14,1361469652535230464,"Acuity Brands, Inc current quarter revenue growth YoY of -15.10% ranked 2967 out of 5477 companies in our database.‚Ä¶ https://t.co/2ZTvKjJKQt",Acuity Brands Inc,Industrials
2021-02-19 12:45:03,1362745010563608585,"Global Data Governance Market Report (2020-2027), Business Plan Strategy, New Solutions, Key Segments, Potential Ta‚Ä¶ https://t.co/lBUEPFz8y1",Adobe Systems Inc,Information Technology
2021-02-17 11:45:44,1362005307002662914,"Marketing Automation Software Market 2021 Advancement And Precise Outlook- Act-On Software Inc., Adobe Systems Inco‚Ä¶ https://t.co/ISrSArrezm",Adobe Systems Inc,Information Technology
2021-02-15 02:06:01,1361134641306955777,"Social Media Management Market Opportunity Assessment, Growth Insights by Top Companies ‚Äì Huia, IBM Corporation, Ad‚Ä¶ https://t.co/c6c6D5IHHp",Adobe Systems Inc,Information Technology
2021-02-20 10:43:00,1363076681947369473,"#jobs #opportunity in Colonie, NY - Sales Person/Driver @ Advance Auto Parts  https://t.co/5SSuI3BhmE",Advance Auto Parts,Consumer Discretionary
2021-02-20 06:56:52,1363019773584490496,"RT @Nascarpixtures: On this day in 2017, Joey Logano won the Advance Auto Parts Clash at Daytona! https://t.co/WXnaLIYzqn",Advance Auto Parts,Consumer Discretionary
2021-02-20 03:12:19,1362963262376148994,"@olivia_whissell Could be! It‚Äôs different every week. It‚Äôs not so much the tracks are sponsoring, but advance is gi‚Ä¶ https://t.co/tX5LkwnA8f",Advance Auto Parts,Consumer Discretionary
2021-02-20 01:39:03,1362939791138975744,RT @speedwaydigest: No. 96 Toyota Certified Used Vehicles Camry: Ty Dillon Daytona Road Course Advance: Notes of Interest ¬† ‚óè¬†Toyota takes‚Ä¶,Advance Auto Parts,Consumer Discretionary
2021-02-20 01:26:54,1362936733323702274,4 Years Ago Today:@joeylogano won the Advance Auto Parts Clash @DAYTONA #NASCAR https://t.co/3otSCLzDPp,Advance Auto Parts,Consumer Discretionary
2021-02-20 01:16:28,1362934108742176768,@EricEstepp17 Just need Advance Auto Parts in the mix to have a real rumble. #nascar,Advance Auto Parts,Consumer Discretionary
2021-02-19 23:47:45,1362911784089305088,Advance auto parts sold us a bad battery. They exchanged it for it not to work. Then told us there‚Äôs nothing they c‚Ä¶ https://t.co/d82YFGDXkz,Advance Auto Parts,Consumer Discretionary
2021-02-19 23:01:03,1362900029279776772,.@AdvanceAutoPrts has announced the launch of a DieHard battery-stocking program. https://t.co/4y4QTRHBic https://t.co/OyDuVcs3qB,Advance Auto Parts,Consumer Discretionary
2021-02-19 22:30:05,1362892238674608130,"Be like #GearsandGasoline and shop for your parts anytime, anywhere with our mobile app  üì≤  https://t.co/dGewdQR3V3",Advance Auto Parts,Consumer Discretionary
2021-02-19 20:39:00,1362864283596554245,"#jobs #opportunity in Hyden, KY - Sales @ Advance Auto Parts  https://t.co/v4kLnE4sIi",Advance Auto Parts,Consumer Discretionary
2021-02-19 23:07:12,1362901579536478212,"Advanced Micro Devices Inc (AMD) price at close, 2021-02-19, is 89.58.",Advanced Micro Devices Inc,Information Technology
2021-02-19 23:03:27,1362900633498574848,Advanced Micro Devices Inc. (AMD) Soars 1.06% on February 19 - https://t.co/DHSrbgo3r6 https://t.co/swaIn2EyH0,Advanced Micro Devices Inc,Information Technology
2021-02-19 16:27:33,1362801003938992129,$AMD #Advanced Micro Devices Inc. ... With Crypto Evolution Its More Than Bitcoins Price; Spawning New Ecosystem: [‚Ä¶ https://t.co/TmixB0T0XI,Advanced Micro Devices Inc,Information Technology
2021-02-19 12:13:02,1362736951825027073,$AMD #Advanced Micro Devices Inc. ... With Crypto Evolution Its More Than Bitcoins Price; Spawning New Ecosystem: [‚Ä¶ https://t.co/RjIeC57cvz,Advanced Micro Devices Inc,Information Technology
2021-02-18 23:07:05,1362539159714476040,"Advanced Micro Devices Inc (AMD) price at close, 2021-02-18, is 88.64.",Advanced Micro Devices Inc,Information Technology
2021-02-18 08:02:26,1362311500606672900,"üê±üê∂üê± North America Deep Learning Chip Market Size, Share, Demand, Analysis and Forecast To 2027 | Advanced Micro Dev‚Ä¶ https://t.co/Tqtqn0ONX2",Advanced Micro Devices Inc,Information Technology
2021-02-17 23:07:09,1362176791801171974,"Advanced Micro Devices Inc (AMD) price at close, 2021-02-17, is 89.94.",Advanced Micro Devices Inc,Information Technology
2021-02-17 23:00:35,1362175137081135105,"$AMD - Advanced Micro Devices, Inc.$FLGT - Fulgent Genetics, Inc.$PINS - Pinterest, Inc.$CHWY - Chewy, Inc. https://t.co/Bb62s5TKXG",Advanced Micro Devices Inc,Information Technology
2021-02-17 15:57:32,1362068673033199616,$AMD #Advanced Micro Devices Inc. ... Enterprise Storage Thoughts Ahead of NetApp and Pure Storage Earnings: [...]‚Ä¶ https://t.co/vLAcHiHkLq,Advanced Micro Devices Inc,Information Technology
2021-02-17 14:34:55,1362047880719130625,Entry Signal Time: 16/2 11:30BATS:AMDAsset: Advanced Micro Devices IncDirection: ShortTimeframe: 5 minuteTP pr‚Ä¶ https://t.co/1iMOaVrujG,Advanced Micro Devices Inc,Information Technology
2021-02-18 16:25:22,1362438067467018243,"Companies that are leading the shift to #remotework as a long term strategy include @Adobe, @Aetna, @amazon,‚Ä¶ https://t.co/zH6JJpAlJB",Aetna Inc,Health Care
2021-02-18 15:43:41,1362427575897886727,"Arrhythmogenic Right Ventricular Dysplasia Treatment Market Growth during the Forecast Period, 2018-2026 // Ambry G‚Ä¶ https://t.co/c7JiKU1abd",Aetna Inc,Health Care
2021-02-18 15:12:02,1362419612256595970,"SOCIAL ACTIVITY: $AMG - Affiliated Managers Group, Inc https://t.co/E0hzYOR6S2 üìà TradeIdeas via ‚ü∂ https://t.co/ZgCyz4rX3x",Affiliated Managers Group Inc,Financials
2021-02-18 15:11:04,1362419367070162944,"UPSIDE MOMO: $AMG Affiliated Managers Group, Inc https://t.co/CCardWp9AE üìà üîú TradeIdeas via ‚ü∂ https://t.co/ZgCyz4rX3x",Affiliated Managers Group Inc,Financials
2021-02-16 14:43:34,1361687671224074240,Affiliated Managers Group Inc. Shares Close the Week 12.0% Higher - Weekly Wrap https://t.co/WpsK7Z1V3q $AMG #stockmarket #kwhenfinance,Affiliated Managers Group Inc,Financials
2021-02-15 12:54:18,1361297784356229120,"RT @2iqresearch: New week, new insider buying report from 2iQ. Affiliated Managers Group Inc ($AMG) is today's focus with a $910,000 cluste‚Ä¶",Affiliated Managers Group Inc,Financials
2021-02-15 12:35:59,1361293177454538754,"New week, new insider buying report from 2iQ. Affiliated Managers Group Inc ($AMG) is today's focus with a $910,000‚Ä¶ https://t.co/FLvn6OMe4N",Affiliated Managers Group Inc,Financials
2021-02-15 12:21:21,1361289493614112771,"$AMG:New Insider Filing on AFFILIATED MANAGERS GROUP, INC.'sPresident and CEOJAY C. HORGEN:https://t.co/pobWh3cuyR",Affiliated Managers Group Inc,Financials
2021-02-14 18:03:32,1361013220253700100,"$AMG #Affiliated Managers Group Inc. ... InsiderInsights Weekly Tables: February 13, 2021: InsiderInsights Ratings‚Ä¶ https://t.co/WJVRZmgjfo",Affiliated Managers Group Inc,Financials
2021-02-13 06:43:06,1360479593828921344,Affiliated Managers Group Inc. Shares Climb 0.3% Past Previous 52-Week High - Market Mover https://t.co/1Sm8eOgd1E‚Ä¶ https://t.co/TLZ2DQNPEB,Affiliated Managers Group Inc,Financials
2021-02-20 02:09:08,1362947362390478858,RT @11Graphs: Lowest P/E among #financials #bank #insurance $XLF1. üá∫üá∏ THE ALLSTATE CORPORA. $ALL: 5.82. üá∫üá∏ UNUM GROUP $UNM: 6.53. üá∫üá∏ AFL‚Ä¶,AFLAC Inc,Financials
2021-02-20 02:00:45,1362945252118700038,Lowest P/E among #financials #bank #insurance $XLF1. üá∫üá∏ THE ALLSTATE CORPORA. $ALL: 5.82. üá∫üá∏ UNUM GROUP $UNM: 6.5‚Ä¶ https://t.co/kI3KKIJi4e,AFLAC Inc,Financials
2021-02-19 05:38:19,1362637620010831873,I can assure you this has nothing to do with me. I'd never be such a fool. #Primericahttps://t.co/wTW1HnhQXJ,AFLAC Inc,Financials
2021-02-17 14:38:26,1362048769303470080,$AFL:New Insider Filing on AFLAC INC'sExecutive Vice PresidentERIC M KIRSCH:https://t.co/s9pkXtfJm9,AFLAC Inc,Financials
2021-02-17 14:31:02,1362046905623142400,Is #Aflac Inc. (AFL) A Buy? $AFL https://t.co/5ieqCrhyHA #investing https://t.co/PPYOtE9k12,AFLAC Inc,Financials
2021-02-17 14:30:05,1362046667579654157,"An executive and/or major shareholder of $AFSD (AFLAC INC) reportedly sold ~$ 1,247,389 worth of shares‚û°Ô∏è‚Ä¶ https://t.co/W1cwzYH0Gu",AFLAC Inc,Financials
2021-02-17 14:20:05,1362044150900805647,"An executive and/or major shareholder of $AFSD (AFLAC INC) reportedly sold ~$ 2,132,176 worth of shares‚û°Ô∏è‚Ä¶ https://t.co/YB5ZNl3KJR",AFLAC Inc,Financials
2021-02-17 14:15:17,1362042942937059328,"$AFL:New Insider Filing on AFLAC INC'sPres. and Rep. Director, ALIJMASATOSHI KOIDE:https://t.co/g7rqIAsQ6C",AFLAC Inc,Financials
2021-02-17 14:14:18,1362042693598277634,"$AFL:New Insider Filing on AFLAC INC'sChairman &amp; Rep. Director, ALIJCHARLES D II LAKE:https://t.co/We9DoM4yiA",AFLAC Inc,Financials
2021-02-17 08:22:47,1361954231285071875,RT @Focus_on_Dvds: Is Aflac Inc. (AFL) A Buy? $AFL https://t.co/5ieqCrhyHA #investing https://t.co/1aeuPV3EN8,AFLAC Inc,Financials
2021-02-20 00:12:42,1362918062786306048,"$A Agilent Technologies, Inc Top stock up 105% from low. Close: 126.77 VolvsAvg: 0.50 Liq: $120M https://t.co/qk924ECg0l",Agilent Technologies Inc,Health Care
2021-02-19 16:27:28,1362800983563247620,$A https://t.co/VurO1PGsdH Agilent Technologies Inc. Our algorithm is predicting the price of this stock has a neut‚Ä¶ https://t.co/bdmCAMZhXb,Agilent Technologies Inc,Health Care
2021-02-19 16:12:40,1362797259243614214,"Genomics In Cancer Care Market Qualitative Insights, Key Enhancement | Global Industry Analysis &amp; Forecast To 2025‚Ä¶ https://t.co/EBvD5k9oxn",Agilent Technologies Inc,Health Care
2021-02-19 15:40:30,1362789161036562432,"$A:New Insider Filing on AGILENT TECHNOLOGIES, INC.'sSenior Vice PresidentDOMINIQUE GRAU:https://t.co/M3z0NYhw6g",Agilent Technologies Inc,Health Care
2021-02-19 11:10:22,1362721180562685958,"$A:New Insider Filing on AGILENT TECHNOLOGIES, INC.'sCEO and PresidentMICHAEL R. MCMULLEN:https://t.co/i4wF3dBZY0",Agilent Technologies Inc,Health Care
2021-02-19 00:42:23,1362563143554256897,"$A:New Insider Filing on AGILENT TECHNOLOGIES, INC.'sSVP, General Counsel, and Sec.MICHAEL TANG:https://t.co/C7wsPEbv0P",Agilent Technologies Inc,Health Care
2021-02-18 23:40:35,1362547592530432006,"An executive and/or major shareholder of $A (AGILENT TECHNOLOGIES, INC.) reportedly sold ~$ 2,643,281 worth of shar‚Ä¶ https://t.co/RG7HLU45nm",Agilent Technologies Inc,Health Care
2021-02-18 23:40:23,1362547540919545862,"An executive and/or major shareholder of $A (AGILENT TECHNOLOGIES, INC.) reportedly sold ~$ 2,699,580 worth of shar‚Ä¶ https://t.co/tUy59pcxzI",Agilent Technologies Inc,Health Care
2021-02-18 23:40:10,1362547486053851136,"Dominique Grau, Senior Vice President of AGILENT TECHNOLOGIES, INC. - $A sold 19786 shares to now own a total of 81‚Ä¶ https://t.co/bMoETCsv88",Agilent Technologies Inc,Health Care
2021-02-18 23:36:01,1362546441961545731,"$A Agilent Technologies, Inc. - 4 (Statement of Changes in Beneficial Ownership) SEC FilingFrom our Stock News Alerts App",Agilent Technologies Inc,Health Care
2021-02-19 23:22:17,1362905373980700677,$APD Stock Quote Notification for Air Products and Chemicals IncFrom our Stock News Alerts App,Air Products & Chemicals Inc,Materials
2021-02-18 23:13:59,1362540899482361865,$APD Stock Quote Notification for Air Products and Chemicals IncFrom our Stock News Alerts App,Air Products & Chemicals Inc,Materials
2021-02-17 23:40:48,1362185260386160647,"During my internship at Air Products &amp; Chemicals, Inc. last summer, I constructed the technological singularity",Air Products & Chemicals Inc,Materials
2021-02-17 23:01:00,1362175242949586947,$APD Stock Quote Notification for Air Products and Chemicals IncFrom our Stock News Alerts App,Air Products & Chemicals Inc,Materials
2021-02-17 09:32:10,1361971691539357703,"High Purity Oxygen Market: Key Factors Impacting Growth¬† |¬†Air Liquide, Air Products and Chemicals, Inc., Air Water‚Ä¶ https://t.co/01nhPjhTwE",Air Products & Chemicals Inc,Materials
2021-02-16 23:51:31,1361825567893504004,$APD Stock Quote Notification for Air Products and Chemicals IncFrom our Stock News Alerts App,Air Products & Chemicals Inc,Materials
2021-02-15 16:32:51,1361352786991067139,"During my internship at Air Products &amp; Chemicals, Inc. last summer, I influenced the creation of haptic suits",Air Products & Chemicals Inc,Materials
2021-02-15 10:08:03,1361255945930735616,"Exclusive Report: What‚Äôs New in Acrylates Market for 2021 ‚Äì Air Products and Chemicals, Inc., Arkema S.A, Asahi Kas‚Ä¶ https://t.co/KgTzXAyRew",Air Products & Chemicals Inc,Materials
2021-02-12 23:55:20,1360376975811096577,$APD Stock Quote Notification for Air Products and Chemicals IncFrom our Stock News Alerts App,Air Products & Chemicals Inc,Materials
2021-02-19 10:09:03,1362705749995061249,"Akamai Technologies, Inc current quarter revenue growth YoY of 9.60% ranked 1488 out of 5480 companies in our datab‚Ä¶ https://t.co/lvQk1NTA1S",Akamai Technologies Inc,Information Technology
2021-02-18 17:55:03,1362460636169568257,"https://t.co/1oV6rFFs7D  Amazing event! Thank you Dr. Anthony Maranto, Akamai University's Vice President who worke‚Ä¶ https://t.co/2XfxeAIl6H",Akamai Technologies Inc,Information Technology
2021-02-18 14:56:19,1362415656247918594,Can Edge Computing Exist Without the Edge? Part 3: T - https://t.co/jYDEMsfEEd https://t.co/8YOEzIwSUi https://t.co/GHYDLuAtR1 #TekDaily,Akamai Technologies Inc,Information Technology
2021-02-18 10:12:52,1362344325514989570,"Akamai Technologies, Inc current quarter revenue growth YoY of 9.60% ranked 1488 out of 5480 companies in our datab‚Ä¶ https://t.co/OIRc54GVUQ",Akamai Technologies Inc,Information Technology
2021-02-17 20:02:52,1362130415637712896,Barrick Gold $GOLD https://t.co/OncZZbyNxs - Warren Buffet #WarrenBuffett   was wrong on airlines #stocks and he wi‚Ä¶ https://t.co/nDkuLDBzT1,Akamai Technologies Inc,Information Technology
2021-02-15 21:59:53,1361435085480865793,"$NOK üì´üì≠üóûüì∞üåéüì±üñ•üì°Transparent Caching Market Continuous Excellent Growth 2021 | Nokia, ARA Networks Co., STRATACACHE,‚Ä¶ https://t.co/mh4o4kHdcR",Akamai Technologies Inc,Information Technology
2021-02-15 11:48:02,1361281109049319428,"Transparent Caching Market Continuous Excellent Growth 2021 | Nokia, ARA Networks Co., STRATACACHE, Kollective Tech‚Ä¶ https://t.co/U5ON4bAmJ4",Akamai Technologies Inc,Information Technology
2021-02-20 00:20:26,1362920010314833923,$ALK New Form 4 for Alaska Air Group IncFrom our Stock News Alerts App,Alaska Air Group Inc,Industrials
2021-02-20 00:19:50,1362919855503073281,"$ALK Alaska Air Group, Inc. Co Top stock up 178% from low. Close: 62.24 VolvsAvg: 1.23 Liq: $108M https://t.co/JLVkYJLo7Q",Alaska Air Group Inc,Industrials
2021-02-19 08:32:33,1362681467319554050,"During my internship at Alaska Air Group, Inc. last summer, I designed regenerative medicine",Alaska Air Group Inc,Industrials
2021-02-17 18:36:17,1362108625297297410,"Baby public relations manager attempts to start a Fight Club at Alaska Air Group, Inc. over the disappearence of a peek-a-boo partner",Alaska Air Group Inc,Industrials
2021-02-17 08:04:22,1361949597535469579,"$ALK:New Insider Filing on ALASKA AIR GROUP, INC.'sInsiderCHRISTOPHER MICHAEL BERRY:https://t.co/BkSnQgKGXI",Alaska Air Group Inc,Industrials
2021-02-17 07:25:22,1361939782843129858,"$ALK:New Insider Filing on ALASKA AIR GROUP, INC.'sSR VP LEGALKYLE B LEVINE:https://t.co/c5ASRQcZXk",Alaska Air Group Inc,Industrials
2021-02-17 04:49:24,1361900530843418624,"$ALK:New Insider Filing on ALASKA AIR GROUP, INC.'sEVP FINANCE/CFOSHANE R TACKETT:https://t.co/uzHvtVlKoN",Alaska Air Group Inc,Industrials
2021-02-17 04:21:22,1361893479094362112,"$ALK:New Insider Filing on ALASKA AIR GROUP, INC.'sSR VP PEOPLEANDREA L SCHNEIDER:https://t.co/hqPma9QdYp",Alaska Air Group Inc,Industrials
2021-02-17 03:58:23,1361887693215576066,"$ALK:New Insider Filing on ALASKA AIR GROUP, INC.'sVP PUB AFFRS &amp; SUSTAINABILITYRAKOW DIANA BIRKETT:https://t.co/YCD1py9I6d",Alaska Air Group Inc,Industrials
2021-02-17 03:37:22,1361882404810612741,"$ALK:New Insider Filing on ALASKA AIR GROUP, INC.'sEVP &amp; CCOANDREW R HARRISON:https://t.co/UvUntql8Vk",Alaska Air Group Inc,Industrials
2021-02-19 23:14:47,1362903486631972864,RT @gurufocus: Market Movers in the S&amp;P 500:Albemarle Corp (10.39%) $ALBDeere &amp; Co (9.90%) $DEHollyFrontier Corp (9.81%) $HFCFreeport-M‚Ä¶,Albemarle Corp,Materials
2021-02-19 22:56:55,1362898990132584448,Market Movers in the S&amp;P 500:Albemarle Corp (10.39%) $ALBDeere &amp; Co (9.90%) $DEHollyFrontier Corp (9.81%) $HFCF‚Ä¶ https://t.co/Qy76QzWhZ9,Albemarle Corp,Materials
2021-02-19 21:30:37,1362877274098401285,$ALB Albemarle Corp is shooting through the roof with a +10.40% increase today!,Albemarle Corp,Materials
2021-02-19 16:58:56,1362808899586375680,@AlbemarleCorp is thinking again about reopening its Kings Mountain mine (near its CLT HQ). But it will be taking i‚Ä¶ https://t.co/ai4fs6BLeI,Albemarle Corp,Materials
2021-02-19 13:15:06,1362752571195203584,Albemarle Corp. saw tough financials in 2020. But a $1.45 billion stock offering and the expected sale of two divis‚Ä¶ https://t.co/KgKo3V6QqO,Albemarle Corp,Materials
2021-02-18 21:30:37,1362514884957732864,$ALB Albemarle Corp is falling fast! It's down -10.30% today!,Albemarle Corp,Materials
2021-02-18 18:01:22,1362462224669945856,RT @ReutersBiz: Lithium producer Albemarle expects recovery in sales as results top estimates https://t.co/pcH7q6QvwC https://t.co/Xc9b91kn‚Ä¶,Albemarle Corp,Materials
2021-02-18 12:15:57,1362375296800931840,$ALB Albemarle Corp. to Host Earnings Call https://t.co/VT3wEggmfN,Albemarle Corp,Materials
2021-02-18 11:50:30,1362368895458271232,$ALB Albemarle Corp Q4 2020 Earnings Call https://t.co/VTITLXcOxw,Albemarle Corp,Materials
2021-02-18 11:33:47,1362364687090860034,RT @ReutersBiz: Lithium producer Albemarle expects recovery in sales as results top estimates https://t.co/pcH7q6QvwC https://t.co/Xc9b91kn‚Ä¶,Albemarle Corp,Materials
2021-02-20 08:38:16,1363045291784613888,"Alexandria Real Estate Equities Inc. stock falls Friday, underperforms market - MarketWatch https://t.co/tXQ3YtQT5Y",Alexandria Real Estate Equities Inc,Real Estate
2021-02-19 22:20:09,1362889739746111492,"*INSIDER BUY ALERT*ALEXANDRIA REAL ESTATE EQUITIES, INC. purchased 43,478 shares of $APLT at $23.00.ALEXANDRIA RE‚Ä¶ https://t.co/6lVXT3KzzE",Alexandria Real Estate Equities Inc,Real Estate
2021-02-19 16:54:44,1362807842340749317,"$ARE:New Insider Filing on ALEXANDRIA REAL ESTATE EQUITIES, INC.'sEVP - Regional Market DirectorHUNTER KASS:https://t.co/7YauW7jvOk",Alexandria Real Estate Equities Inc,Real Estate
2021-02-18 21:29:15,1362514538852098048,Filing for 8-K [Press/News Current Report] has been made with the SEC:  $ARE $ARE.C ALEXANDRIA REAL ESTATE EQUITIES‚Ä¶ https://t.co/QxAlfRyvN1,Alexandria Real Estate Equities Inc,Real Estate
2021-02-18 08:38:40,1362320615647174656,Alexandria Real Estate Equities Inc. stock outperforms competitors despite losses on the day - MarketWatch https://t.co/3nlVIbj2t1,Alexandria Real Estate Equities Inc,Real Estate
2021-02-17 21:18:38,1362149480519393284,"The benefit gift from Alexandria Real Estate Equities, Inc. will support the development of a long-planned new scho‚Ä¶ https://t.co/SrmVianPi2",Alexandria Real Estate Equities Inc,Real Estate
2021-02-17 21:10:43,1362147487960629248,"RT @alasoff: Alexandria Real Estate Equities to buy three life science assets in Boston for $1.5b | News | Institutional Real Estate, Inc.‚Ä¶",Alexandria Real Estate Equities Inc,Real Estate
2021-02-17 20:33:07,1362138026088882177,Alexandria Real Estate Equities to buy three life science assets in Boston for $1.5b | News | Institutional Real Es‚Ä¶ https://t.co/V7y8RKXlxR,Alexandria Real Estate Equities Inc,Real Estate
2021-02-13 08:38:49,1360508714252439552,"Alexandria Real Estate Equities Inc. stock rises Friday, outperforms market - MarketWatch https://t.co/8vJk6qPvm8",Alexandria Real Estate Equities Inc,Real Estate
2021-02-20 00:28:37,1362922069059592193,"Alexion Pharmaceuticals Inc (ALXN) price at close, 2021-02-19, is 155.51. https://t.co/mr49Qn83YR",Alexion Pharmaceuticals,Health Care
2021-02-19 23:17:04,1362904061540933634,"#NASDAQ 100 #NASDAQ100 (Feb 19), Top 10 #StockMarket Sell Flow #Stocks Animated $MSFT $FB $ALXN #Microsoft,‚Ä¶ https://t.co/mHf55fzS5j",Alexion Pharmaceuticals,Health Care
2021-02-19 23:17:00,1362904046042972161,"#NASDAQ 100 #NASDAQ100 (Feb 19), Top 10 #StockMarket Sell Flow #Stocks Animated $MSFT $FB $ALXN #Microsoft,‚Ä¶ https://t.co/StXeU4bImx",Alexion Pharmaceuticals,Health Care
2021-02-19 23:16:57,1362904030641414158,"#NASDAQ 100 #NASDAQ100 (Feb 19), Top 10 #StockMarket Sell Flow #Stocks Animated $MSFT $FB $ALXN #Microsoft,‚Ä¶ https://t.co/hHyOrNf4H8",Alexion Pharmaceuticals,Health Care
2021-02-19 01:16:02,1362571613649141767,"Alexion Pharmaceuticals, Inc current quarter revenue growth YoY of 15.00% ranked 1230 out of 5480 companies in our‚Ä¶ https://t.co/l4Cdq7th0R",Alexion Pharmaceuticals,Health Care
2021-02-18 23:28:42,1362544603312832522,"Alexion Pharmaceuticals Inc (ALXN) price at close, 2021-02-18, is 157.58. https://t.co/CSr0Ug8xr4",Alexion Pharmaceuticals,Health Care
2021-02-17 23:28:11,1362182082966020096,"Alexion Pharmaceuticals Inc (ALXN) price at close, 2021-02-17, is 157.02. https://t.co/zxE30MD9Yn",Alexion Pharmaceuticals,Health Care
2021-02-17 17:02:04,1362084915731439616,Alexion Pharmaceuticals - $ALXNüí∞ QUOTE$ALXN is UP ‚¨Ü on Wed Feb 17Currently at 157.58 USD for a 0.57% gain from‚Ä¶ https://t.co/HuAXszEk3T,Alexion Pharmaceuticals,Health Care
2021-02-16 22:37:26,1361806925306945537,"$ALXN New Form 8-K for Alexion Pharmaceuticals, Inc.From our Stock News Alerts App",Alexion Pharmaceuticals,Health Care
2021-02-16 22:28:13,1361804604086898689,"Alexion Pharmaceuticals Inc (ALXN) price at close, 2021-02-16, is 156.69. https://t.co/i8daAlp3g1",Alexion Pharmaceuticals,Health Care
2021-02-20 11:01:01,1363081216967274496,"‚ò¢Ô∏è Orthodontic Supplies Market is Set to Witness Impressive Growth | Top Players ‚Äì Align Technology, Danaher, 3M Un‚Ä¶ https://t.co/WOvclZ2nBe",Align Technology,Health Care
2021-02-20 07:53:37,1363034054208217090,RT @plantmommy_: @damnjaire @Theamoeji I think one reason people feel ‚Äúin the middle‚Äù is because most people born in 97 for example did not‚Ä¶,Align Technology,Health Care
2021-02-20 07:43:59,1363031630852599809,@DarrenK25191234 @berniespofforth So why are you demanding yea hers work even more?  Plus it‚Äôs fairly crude to try‚Ä¶ https://t.co/6HRaSUuTpp,Align Technology,Health Care
2021-02-20 06:18:53,1363010214543327240,RT @plantmommy_: @damnjaire @Theamoeji I think one reason people feel ‚Äúin the middle‚Äù is because most people born in 97 for example did not‚Ä¶,Align Technology,Health Care
2021-02-20 00:18:53,1362919616754966531,"$ALGN Align Technology, Inc. -  Top stock up 351% from low. Close: 599.25 VolvsAvg: 0.80 Liq: $214M https://t.co/5Yoq7PgGTh",Align Technology,Health Care
2021-02-19 22:44:34,1362895881842917382,@damnjaire @Theamoeji I think one reason people feel ‚Äúin the middle‚Äù is because most people born in 97 for example‚Ä¶ https://t.co/bE3oPrhMUW,Align Technology,Health Care
2021-02-19 21:00:37,1362869723281694721,Is your technology aligned with your overall firm strategy? I speak with Jon Hubbard on why it is so important for‚Ä¶ https://t.co/BQWz4kc41x,Align Technology,Health Care
2021-02-19 21:00:20,1362869650191712258,Aligning technology with overall firm strategy is paramount top your firm‚Äôs future success. Jon Hubbard discusses t‚Ä¶ https://t.co/IViy6zSau6,Align Technology,Health Care
2021-02-19 19:00:28,1362839484149223437,"Introducing the iTero Element¬Æ Plus Series, a leap forward in intraoral scanning technology that will put your prac‚Ä¶ https://t.co/XjElyf28L0",Align Technology,Health Care
2021-02-19 18:09:12,1362826582629314561,"UAV Gyroscope Market Size and Forecast (2021-2027) | By Top Leading Players ÔøΩÔøΩ FUTABA, Align, KDS,... https://t.co/KuL6EjXyQV #drone #uav",Align Technology,Health Care
2021-02-20 09:36:24,1363059922410364928,"$ALLE:New Insider Filing on Allegion plc'sChairman, President &amp; CEODAVID D PETRATIS:https://t.co/FXDicsPIoZ",Allegion,Industrials
2021-02-20 03:35:47,1362969168501297159,"$ALLE in Downtrend: its price may drop because broke its higher Bollinger Band on February 8, 2021. View odds for t‚Ä¶ https://t.co/gXeWZhbnBT",Allegion,Industrials
2021-02-19 16:19:55,1362799082255826945,"RT @AllegionPlc: ‚ÄúWhen you focus on people‚Äôs strengths, it‚Äôs an amplification factor. People are more energized when they‚Äôre able to use th‚Ä¶",Allegion,Industrials
2021-02-19 16:02:17,1362794644753498122,"There are many reasons why campuses consider upgrading their credential technology. However, some are not sure wher‚Ä¶ https://t.co/7CUbWuQ031",Allegion,Industrials
2021-02-19 15:59:00,1362793817309671440,"‚ÄúWhen you focus on people‚Äôs strengths, it‚Äôs an amplification factor. People are more energized when they‚Äôre able to‚Ä¶ https://t.co/1xIkX5SCCr",Allegion,Industrials
2021-02-19 15:57:00,1362793315364659200,What are your top strengths?Investing in your employees' strengths increases innovation and engagement across all‚Ä¶ https://t.co/4ww5mmDjQy,Allegion,Industrials
2021-02-19 15:32:23,1362787118431559681,ASSA ABLOY and Allegion discuss #COVID19-related #technology options and strategies at virtual event | #TpromoCom |‚Ä¶ https://t.co/ZUVi3DxY51,Allegion,Industrials
2021-02-19 14:21:51,1362769369575665675,"Check out the 3/2 AIA IN CE Webinar - presented by @AllegionUS - ""Privacy is Not Dead"" - Attendees will earn 1 AIA‚Ä¶ https://t.co/hH5WPNdx8o",Allegion,Industrials
2021-02-19 13:01:10,1362749063318409225,"When does a door opening need a coordinator ‚Äì and what IS a coordinator, anyway? Check out this post from iDigHardw‚Ä¶ https://t.co/I2pHsejHdI",Allegion,Industrials
2021-02-19 10:00:58,1362703718324588547,"Check out our Trade Catalogue Flipbook: Quickly search, share, download &amp; print what you need!‚Ä¶ https://t.co/an3mtDCVgX",Allegion,Industrials
2021-02-19 16:18:48,1362798803204595713,Microdermabrasion Devices Market Inclinations &amp; Development Status Highlighted for the Forecast Period 2020 2030 //‚Ä¶ https://t.co/4ZQUSQOVI3,"Allergan, Plc",Health Care
2021-02-18 17:26:23,1362453420439928835,"Tissue Expanders Market 2017-2026| Competitors, Business Strategy and Key Players T Corporation, Johnson &amp; Johnson,‚Ä¶ https://t.co/67rGWEiVmw","Allergan, Plc",Health Care
2021-02-18 15:44:03,1362427669468561415,"Drug-Loaded Oral Thin Films Market to register a healthy CAGR for the forecast period, 2018-2026 // Aquestive Thera‚Ä¶ https://t.co/FytYA0SYUL","Allergan, Plc",Health Care
2021-02-18 09:21:05,1362331291350360065,"Achalasia Treatment Market To Witness Huge Growth By 2027 | Allergan plc; Ipsen Biopharmaceuticals, Inc.; Nestl√© Sk‚Ä¶ https://t.co/XVoWbYvgZT","Allergan, Plc",Health Care
2021-02-18 04:29:39,1362257950514049027,"RT @sahdevt: ""For Shell, Oil Is Past Its Peak"" https://t.co/aSzdTR9ywV #ai #automation #tech Oil (Petroleum) and Gasoline, Royal Dutch Shel‚Ä¶","Allergan, Plc",Health Care
2021-02-16 11:13:24,1361634781507821570,I get my #stockmarket news from https://t.co/yP4V0toKs6. Today's article suggested you should pick up some Allergan plc. $AGN #Stocks,"Allergan, Plc",Health Care
2021-02-15 14:33:07,1361322651881504769,"Dry Eye Syndrome Market by Type, Application and Forecast 2020 ‚Äì 2027 | Key Players ‚Äì Allergan Plc., Novartis AGhttps://t.co/U5GRIU8rlk","Allergan, Plc",Health Care
2021-02-15 05:27:21,1361185309300568068,"Global Non-Opioid Pain Treatment Industry Market 2021 Industry Analysis, Trends, and Forecast 2027 :... https://t.co/pBKhblqJ2B #cannabis","Allergan, Plc",Health Care
2021-02-13 11:08:42,1360546436576903173,"RT @sahdevt: ""For Shell, Oil Is Past Its Peak"" https://t.co/aSzdTR9ywV #ai #automation #tech Oil (Petroleum) and Gasoline, Royal Dutch Shel‚Ä¶","Allergan, Plc",Health Care
2021-02-20 09:20:11,1363055842011013124,Alliance Data Systems Corporation current quarter revenue growth YoY of -24.00% ranked 3244 out of 5480 companies i‚Ä¶ https://t.co/Kn2JmJB9bC,Alliance Data Systems,Information Technology
2021-02-19 20:50:23,1362867149501591552,$ADS:New Insider Filing on ALLIANCE DATA SYSTEMS CORP'sSVP and TreasurerJOHN JEFFREY CHESNUT:https://t.co/wwd8H3mB1S,Alliance Data Systems,Information Technology
2021-02-19 16:18:17,1362798670194872321,"$ADS:New Insider Filing on ALLIANCE DATA SYSTEMS CORP'sEVP, CAO, Gen  Counsel &amp; SecyJOSEPH L III MOTES:https://t.co/jL0gPbwzmE",Alliance Data Systems,Information Technology
2021-02-19 11:07:22,1362720426120650755,$ADS:New Insider Filing on ALLIANCE DATA SYSTEMS CORP'sEVP &amp; Senior AdvisorCHARLES L HORN:https://t.co/wYo3udq0NV,Alliance Data Systems,Information Technology
2021-02-19 10:30:16,1362711090224898051,$ADS:New Insider Filing on ALLIANCE DATA SYSTEMS CORP'sPresident and CEORALPH J ANDRETTA:https://t.co/Mku8MZx17O,Alliance Data Systems,Information Technology
2021-02-19 05:09:23,1362630335784181763,"$ADS:New Insider Filing on ALLIANCE DATA SYSTEMS CORP'sEVP, Opn's &amp; Credit Risk, CardTAMMY M MCCONNAUGHEY:https://t.co/QniojWOwo0",Alliance Data Systems,Information Technology
2021-02-19 02:40:53,1362592967387607040,A Form 8-K [Press/News Current Report] filing has been made with the SEC:  $ADS ALLIANCE DATA SYSTEMS CORP  https://t.co/caDgWcNiww,Alliance Data Systems,Information Technology
2021-02-19 01:30:24,1362575228283596801,$ADS:New Insider Filing on ALLIANCE DATA SYSTEMS CORP'sEVP &amp; Chief Financial OfficerTIMOTHY P KING:https://t.co/JFUhtYX5Xq,Alliance Data Systems,Information Technology
2021-02-18 21:05:25,1362508544168321029,$ADS / Alliance Data Systems files form 8-K - Departure of Directors or Certain Officers; Election of Directors; Ap‚Ä¶ https://t.co/6LlutoXZ21,Alliance Data Systems,Information Technology
2021-02-18 14:03:29,1362402361487093761,üÜï Insider Buying Report: Alliance Data Systems Corp ($ADS) 12 months: -26%Activity: BullishPattern: Large purch‚Ä¶ https://t.co/zx1yQvOgbJ,Alliance Data Systems,Information Technology
2021-02-19 16:15:49,1362798050415161346,$LNT Alliant Energy Corp. to Host Earnings Call https://t.co/W6Qv1mqhWk,Alliant Energy Corp,Utilities
2021-02-19 14:04:53,1362765102206787589,$LNT Alliant Energy Corp Q4 2020 Earnings Call https://t.co/F1G9So3qIZ,Alliant Energy Corp,Utilities
2021-02-19 00:26:13,1362559076668870659,Alliant Energy Corp Q4 adjusted earnings Beat¬†Estimates https://t.co/EKWrDKPJsb,Alliant Energy Corp,Utilities
2021-02-18 12:17:15,1362375626133409794,"Corp earnings results today in Mexico: Hotel, Ienova, Tlevisa, Volar, and Walmex. In the US: Southern Co, Walmart,‚Ä¶ https://t.co/zdjxriTJ9c",Alliant Energy Corp,Utilities
2021-02-18 12:16:08,1362375344699830273,"Corp earnings results today in Mexico: Hotel, Ienova, Tlevisa, Volar, and Walmex. In the US: Southern Co, Walmart,‚Ä¶ https://t.co/U8S711bOXw",Alliant Energy Corp,Utilities
2021-02-18 12:12:19,1362374385307279367,"Corp earnings results today in Mexico: Hotel, Ienova, Tlevisa, Volar, and Walmex. In the US: Southern Co, Walmart,‚Ä¶ https://t.co/v2yET620zj",Alliant Energy Corp,Utilities
2021-02-20 02:09:08,1362947362390478858,RT @11Graphs: Lowest P/E among #financials #bank #insurance $XLF1. üá∫üá∏ THE ALLSTATE CORPORA. $ALL: 5.82. üá∫üá∏ UNUM GROUP $UNM: 6.53. üá∫üá∏ AFL‚Ä¶,Allstate Corp,Financials
2021-02-20 02:00:45,1362945252118700038,Lowest P/E among #financials #bank #insurance $XLF1. üá∫üá∏ THE ALLSTATE CORPORA. $ALL: 5.82. üá∫üá∏ UNUM GROUP $UNM: 6.5‚Ä¶ https://t.co/kI3KKIJi4e,Allstate Corp,Financials
2021-02-14 21:01:17,1361057953298714626,RT @aistockfinder: $ALL https://t.co/XCDyRMzKXc Allstate Corp Ordinary Shares. Our Artificial Intelligence has forecasted that this stock p‚Ä¶,Allstate Corp,Financials
2021-02-12 22:00:44,1360348138549235716,Lowest P/E among #financials #bank #insurance $XLF1. üá∫üá∏ THE ALLSTATE CORPORA. $ALL: 5.82. üá∫üá∏ UNUM GROUP $UNM: 6.4‚Ä¶ https://t.co/ibfe8cygw0,Allstate Corp,Financials
2021-02-20 00:40:11,1362924980548296705,"Alphabet Inc - Class A (GOOGL) price at close, 2021-02-19, is 2088.8101.",Alphabet Inc Class A,Information Technology
2021-02-19 23:59:04,1362914631635894275,"Alphabet Inc - Class A (GOOGL) price at close, 2021-02-19, is 2088.8101. https://t.co/Dg1df4wx2L",Alphabet Inc Class A,Information Technology
2021-02-19 06:45:43,1362654581805694980,Alphabet Inc. Class A Shares Near 52-Week High - Market Mover https://t.co/pgssv3YZto $GOOGL #stockmarket #kwhenfinance,Alphabet Inc Class A,Information Technology
2021-02-19 00:40:20,1362562627524771841,"Alphabet Inc - Class A (GOOGL) price at close, 2021-02-18, is 2105.8101.",Alphabet Inc Class A,Information Technology
2021-02-18 23:59:32,1362552362402013185,"Alphabet Inc - Class A (GOOGL) price at close, 2021-02-18, is 2105.8101. https://t.co/Sd6zshPHpY",Alphabet Inc Class A,Information Technology
2021-02-18 00:40:14,1362200216850546691,"Alphabet Inc - Class A (GOOGL) price at close, 2021-02-17, is 2118.6201.",Alphabet Inc Class A,Information Technology
2021-02-17 23:59:09,1362189876393828354,"Alphabet Inc - Class A (GOOGL) price at close, 2021-02-17, is 2118.6201. https://t.co/JIbaPonann",Alphabet Inc Class A,Information Technology
2021-02-17 15:01:02,1362054456184102919,üìà Today's Trending Stocks üìâ$TSLA Tesla Inc$786.93 (-1.22%)$GME GameStop Corp. Class A$48.19 (-2.49%)$AAPL A‚Ä¶ https://t.co/aC7APCzpVl,Alphabet Inc Class A,Information Technology
2021-02-17 00:40:11,1361837816435589120,"Alphabet Inc - Class A (GOOGL) price at close, 2021-02-16, is 2110.7.",Alphabet Inc Class A,Information Technology
2021-02-16 23:59:26,1361827561525940224,"Alphabet Inc - Class A (GOOGL) price at close, 2021-02-16, is 2110.7. https://t.co/iaSZ5D0z0O",Alphabet Inc Class A,Information Technology
2021-02-19 23:24:24,1362905907689062402,"Alphabet Inc - Class C (GOOG) price at close, 2021-02-19, is 2101.1399.",Alphabet Inc Class C,Information Technology
2021-02-19 23:06:25,1362901381309476874,"Alphabet Inc - Class C (GOOG) price at close, 2021-02-19, is 2101.1399.",Alphabet Inc Class C,Information Technology
2021-02-19 23:06:22,1362901367942184961,"Alphabet Inc - Class C (GOOG) price at close, 2021-02-19, is 2101.1399.",Alphabet Inc Class C,Information Technology
2021-02-19 00:47:39,1362564469671538691,$GOOG Alphabet Inc. - Class C C Top stock up 101% from low. Close: 2117.20 VolvsAvg: 0.88 Liq: $2193M https://t.co/Dt5IwGoNAF,Alphabet Inc Class C,Information Technology
2021-02-18 23:24:15,1362543483442106370,"Alphabet Inc - Class C (GOOG) price at close, 2021-02-18, is 2117.2.",Alphabet Inc Class C,Information Technology
2021-02-18 23:06:40,1362539055767027715,"Alphabet Inc - Class C (GOOG) price at close, 2021-02-18, is 2117.2.",Alphabet Inc Class C,Information Technology
2021-02-18 23:06:02,1362538896748408835,"Alphabet Inc - Class C (GOOG) price at close, 2021-02-18, is 2117.2.",Alphabet Inc Class C,Information Technology
2021-02-18 04:47:56,1362262551183114241,$GOOG Alphabet Inc. - Class C C Top stock up 101% from low. Close: 2128.31 VolvsAvg: 0.66 Liq: $2066M https://t.co/Dt5IwGoNAF,Alphabet Inc Class C,Information Technology
2021-02-17 23:24:13,1362181086068039682,"Alphabet Inc - Class C (GOOG) price at close, 2021-02-17, is 2128.3101.",Alphabet Inc Class C,Information Technology
2021-02-17 23:06:15,1362176565652709379,"Alphabet Inc - Class C (GOOG) price at close, 2021-02-17, is 2128.3101.",Alphabet Inc Class C,Information Technology
2021-02-19 02:13:27,1362586060635607040,#cannabis #marijuana #cannabiscommunity Altria Presents as Part of the Consumer Analyst Group of New York Conferenc‚Ä¶ https://t.co/f537pifMSz,Altria Group Inc,Consumer Staples
2021-02-18 18:21:23,1362467264193302529,"$MO:New Insider Filing on ALTRIA GROUP, INC.'sDirectorGEORGE MUNOZ:https://t.co/PRFNqUOaMZ",Altria Group Inc,Consumer Staples
2021-02-18 14:20:59,1362406765451599872,Global E-cigarette and Vaping Market 2021 Analysis by Latest COVID19/CORONA Virus Impact with Market Positioning of‚Ä¶ https://t.co/nFo6OF8S3Q,Altria Group Inc,Consumer Staples
2021-02-18 11:02:57,1362356927368486912,"Michael Burry sold out ALTRIA GROUP INC, CVS HEALTH,FACEBOOK INC, GAMESTOP, LIBERTY LATIN AMERICA, PRECISION‚Ä¶ https://t.co/2fltgSoFrd",Altria Group Inc,Consumer Staples
2021-02-18 05:24:06,1362271654030712833,"RT @MMPconnection: #marijuana #cannabis Altria Announces Cash Tender Offers for Certain Outstanding Notes          RICHMOND, Va.--(BUSINE‚Ä¶",Altria Group Inc,Consumer Staples
2021-02-18 04:43:38,1362261469799342080,"#marijuana #cannabis Altria Announces Cash Tender Offers for Certain Outstanding Notes          RICHMOND, Va.--(B‚Ä¶ https://t.co/0oZVC9j5wc",Altria Group Inc,Consumer Staples
2021-02-18 03:23:02,1362241183548850176,"ALTRIA GROUP, INC. VOTE!",Altria Group Inc,Consumer Staples
2021-02-17 19:15:30,1362118492732887050,"SEC Form 8-K [Press/News Current Report] filed by  $MO ALTRIA GROUP, INC.  ALTRIA GROUP, INC  https://t.co/fFikqIbM3D",Altria Group Inc,Consumer Staples
2021-02-16 22:33:33,1361805945437790211,"A new filing Form 8-K [Press/News Current Report] has been made at the SEC by  $MO ALTRIA GROUP, INC  https://t.co/CqizklDcWX",Altria Group Inc,Consumer Staples
2021-02-16 21:01:26,1361782763293192204,"$MO:New Insider Filing on ALTRIA GROUP, INC.'sSr. VP, Chief HR Off. &amp; CCOCHARLES N. WHITAKER:https://t.co/9rP8Fn94kX",Altria Group Inc,Consumer Staples
2021-02-20 11:01:56,1363081447700013060,Latest https://t.co/GpcXWjJxoL TV. clik the link: https://t.co/UDntqgzkq9#appletv #AppleTV4K #AppleTV4‚Ä¶ https://t.co/VcRZWxhOw3,Amazon.com Inc,Consumer Discretionary
2021-02-20 10:53:15,1363079262564155394,"#NEW Savage Jungle Part 4 (The Penultimate Part)There are now over 1300 Pages of Action, Adventure&amp; Sex In the S‚Ä¶ https://t.co/aJO2E1xV3g",Amazon.com Inc,Consumer Discretionary
2021-02-20 10:47:06,1363077713410613251,"#NEW Savage Jungle Part 4 (The Penultimate Part)There are now over 1300 Pages of Action, Adventure&amp; Sex In the S‚Ä¶ https://t.co/FUIO5x2hzq",Amazon.com Inc,Consumer Discretionary
2021-02-20 10:40:53,1363076148905803776,"2018, online shoppers can purchase high-quality cotton tee-shirts with the words ""I Accept Bitcoin"" on‚Ä¶ https://t.co/8e4OzPzabO",Amazon.com Inc,Consumer Discretionary
2021-02-20 10:39:08,1363075708969508865,"#NEW Savage Jungle Part 4 (The Penultimate Part)There are now over 1300 Pages of Action, Adventure&amp; Sex In the S‚Ä¶ https://t.co/BdYsrEiyFe",Amazon.com Inc,Consumer Discretionary
2021-02-20 10:38:02,1363075431407230984,"Copperleaf Capital LLC Increases Position in https://t.co/mrmiOECXIr, Inc. (NASDAQ:AMZN) (Bonnie Powley/Zolmax) https://t.co/yqjuZuwOmG",Amazon.com Inc,Consumer Discretionary
2021-02-20 10:37:47,1363075370564677635,"#NEW Savage Jungle Part 4 (The Penultimate Part)There are now over 1300 Pages of Action, Adventure&amp; Sex In the S‚Ä¶ https://t.co/5zczJviGQn",Amazon.com Inc,Consumer Discretionary
2021-02-20 10:37:40,1363075340730585089,"#NEW Savage Jungle Part 4 (The Penultimate Part)There are now over 1300 Pages of Action, Adventure&amp; Sex In the S‚Ä¶ https://t.co/2Z4qMbfYVe",Amazon.com Inc,Consumer Discretionary
2021-02-20 08:56:30,1363049882064330753,RT @InsiderAlerts4U: $AMZN:New Insider Filing on AMAZON COM INC'sCEO Amazon Web ServicesANDREW R JASSY:https://t.co/ujFu0YJ6Fm,Amazon.com Inc,Consumer Discretionary
2021-02-20 08:54:24,1363049352202252289,$AMZN:New Insider Filing on AMAZON COM INC'sCEO Amazon Web ServicesANDREW R JASSY:https://t.co/ujFu0YJ6Fm,Amazon.com Inc,Consumer Discretionary
2021-02-19 13:58:57,1362763607058960387,$AEE Ameren Corp Q4 2020 Earnings Call https://t.co/8tmUv4mV8E,Ameren Corp,Utilities
2021-02-19 13:33:37,1362757230756585475,$AEE 2020 results and guidance for 2021 have been released. Details available below. https://t.co/iP4PCxb4c9,Ameren Corp,Utilities
2021-02-19 12:45:45,1362745186544197633,$AEE Ameren Corp. to Host Earnings Call https://t.co/Cnce9VpVVC,Ameren Corp,Utilities
2021-02-18 23:32:39,1362545595085254656,Largest stocks that report earnings tomorrowDeere $DE$DTEMagna $MGAAmeren Corp $AEE$ITTEssent $ESNTSpirit R‚Ä¶ https://t.co/FEF47ga5Nw,Ameren Corp,Utilities
2021-02-18 23:26:38,1362544083370053635,Ameren Corp Q4 Earnings¬†Rise https://t.co/NuSjQvCYQI,Ameren Corp,Utilities
2021-02-18 23:07:17,1362539210926874636,Largest stocks that report earnings tomorrowDeere $DE$DTEMagna $MGAAmeren Corp $AEE$ITTEssent $ESNTSpirit R‚Ä¶ https://t.co/gZ26TNM51g,Ameren Corp,Utilities
2021-02-17 21:00:56,1362145026306932742,"8. $ANET Arista Networks, Inc.9. $ED Consolidated Edison, Inc.10. $EPAM EPAM Systems, Inc.11. $PPL PPL Corporati‚Ä¶ https://t.co/6DqSarGZvf",Ameren Corp,Utilities
2021-02-20 06:45:25,1363016893624369158,$AAL:New Insider Filing on American Airlines Group Inc.'sEVP Corporate AffairsSTEPHEN L JOHNSON:https://t.co/Lg9fyQQ7Fu,American Airlines Group,Industrials
2021-02-20 01:44:24,1362941137988763651,"Newsroom - American Airlines and JetBlue Begin Growth from New York and Boston with 33 New Routes, Joint Schedules‚Ä¶ https://t.co/xBRzpmZ6Jb",American Airlines Group,Industrials
2021-02-19 18:18:51,1362829010942783490,He worked for a while at Hughes Aircraft before quitting to go fly airplanes for American Airlines. At Hughes is wh‚Ä¶ https://t.co/QZa7LPUpPG,American Airlines Group,Industrials
2021-02-19 11:55:34,1362732557339664385,"RT @IvanLoz16: Newsroom - American Airlines and JetBlue Begin Growth from New York and Boston with 33 New Routes, Joint Schedules and Codes‚Ä¶",American Airlines Group,Industrials
2021-02-19 09:24:25,1362694516638154753,$AAL:New Insider Filing on American Airlines Group Inc.'sExecutive VP and CFODEREK J KERR:https://t.co/QuN7EXBzMo,American Airlines Group,Industrials
2021-02-19 07:45:23,1362669597212688387,$AAL:New Insider Filing on American Airlines Group Inc.'sEVP People and CommunicationsELISE R EBERWEIN:https://t.co/BCFq4ZjXkP,American Airlines Group,Industrials
2021-02-19 06:20:07,1362648138742333446,American Airlines Group Inc. stock underperforms Thursday when compared to competitors ‚Äì¬†MarketWatch https://t.co/dJvijqThVU,American Airlines Group,Industrials
2021-02-19 04:36:05,1362621955573125120,American Airlines Group Inc. stock underperforms Thursday when compared to competitors - MarketWatch https://t.co/r9KJDUc8m6,American Airlines Group,Industrials
2021-02-18 23:38:23,1362547039649869830,$AAL:New Insider Filing on American Airlines Group Inc.'sEVP Chief Information OfficerMAYA LEIBMAN:https://t.co/3Z8nfaxtRQ,American Airlines Group,Industrials
2021-02-18 22:36:23,1362531437279346692,$AAL:New Insider Filing on American Airlines Group Inc.'sPresidentROBERT D JR ISOM:https://t.co/L8tGIZk5RI,American Airlines Group,Industrials
2021-02-20 07:54:57,1363034391358943232,"@lexhoogduin ""Texas politicians and regulators were warned after the 2011 storm that more ‚Äúwinterizing‚Äù of power in‚Ä¶ https://t.co/tSJ7Y62Uxg",American Electric Power,Utilities
2021-02-20 07:20:46,1363025787205648386,"@woolfhound @MikeBoard1200 The ""Northeast blackout of 2013"" might be illustrative.  Both from the GE failure mode,‚Ä¶ https://t.co/Ak4RWZYKL7",American Electric Power,Utilities
2021-02-20 06:45:55,1363017016710373376,RT @W_Nuclear_News: The US Federal Energy Regulatory Commission and the North American Electric Reliability Corporation are to hold a joint‚Ä¶,American Electric Power,Utilities
2021-02-20 06:00:44,1363005646853918722,RT @W_Nuclear_News: The US Federal Energy Regulatory Commission and the North American Electric Reliability Corporation are to hold a joint‚Ä¶,American Electric Power,Utilities
2021-02-20 05:50:00,1363002945294458880,RT @CMichelleRay: @NaggingNurse @TexasTribune Lawsuits against TX‚Äô power grid operator are beginning to arise after Texans across the state‚Ä¶,American Electric Power,Utilities
2021-02-20 05:20:26,1362995505865904128,RT @CMichelleRay: @NaggingNurse @TexasTribune Lawsuits against TX‚Äô power grid operator are beginning to arise after Texans across the state‚Ä¶,American Electric Power,Utilities
2021-02-20 04:58:14,1362989920927838210,RT @CMichelleRay: @NaggingNurse @TexasTribune Lawsuits against TX‚Äô power grid operator are beginning to arise after Texans across the state‚Ä¶,American Electric Power,Utilities
2021-02-20 04:50:18,1362987923419901953,Biden‚Äôs EO on day one leaves thousands without power in Texas but lots of more money to the CCP from American electric grids!!!,American Electric Power,Utilities
2021-02-20 04:26:58,1362982050756714497,RT @CMichelleRay: @NaggingNurse @TexasTribune Lawsuits against TX‚Äô power grid operator are beginning to arise after Texans across the state‚Ä¶,American Electric Power,Utilities
2021-02-20 04:16:11,1362979336479907845,"RT @CRO68433431: @VP @POTUS @PressSec @maddow @donwinslow @RepRaskin @JulianCastro -North American Electric Reliability Corp ( NERC), sets‚Ä¶",American Electric Power,Utilities
2021-02-20 09:22:31,1363056429373018117,"New in the American Express¬Æ App! With Amex Send &amp; Split‚Ñ¢, you can send money and split purchases with any other Ve‚Ä¶ https://t.co/flX7N8oOto",American Express Co,Financials
2021-02-20 09:09:31,1363053156054269954,'You don't say!' Biden delivers blow to EU as US President refuses to scrap Trump tariffs https://t.co/RTxm4ZVlTG,American Express Co,Financials
2021-02-20 08:03:33,1363036556433510406,Joe Biden channels Brexit as EU trade snubbed - Brussels furious at Buy American campaign - Daily Express https://t.co/wglWa2sH53,American Express Co,Financials
2021-02-20 04:13:22,1362978628221468673,"RT @Harry_Styles: LOVE ON TOUR 2020.American Express Presale begins Tuesday, March 17.Public onsales begin Friday, March 20.https://t‚Ä¶",American Express Co,Financials
2021-02-20 03:26:54,1362966934027964417,RT @SebGorka: Obi Wan Trump. https://t.co/1k3Kc008Mj,American Express Co,Financials
2021-02-19 20:55:00,1362868308433768448,'Took a divorce to sort it' How Monty Don had to fight for wife Sarah 'She was the one'#AmericanGardens‚Ä¶ https://t.co/TIHCKTTLkv,American Express Co,Financials
2021-02-19 19:50:00,1362851950623133696,'Took a divorce to sort it' How Monty Don had to fight for wife Sarah 'She was the one'#AmericanGardens‚Ä¶ https://t.co/jsWQIK8Fa9,American Express Co,Financials
2021-02-19 18:04:11,1362825322383560707,"RT @AmericanExpress: U.S. Card Members can use Digital Receipts to see additional info ‚Äì merchant name, logo, item details, &amp; more ‚Äì to hel‚Ä¶",American Express Co,Financials
2021-02-19 18:04:00,1362825275218788357,'Took a divorce to sort it' How Monty Don had to fight for wife Sarah 'She was the one'#AmericanGardens‚Ä¶ https://t.co/N2uwgXWQFo,American Express Co,Financials
2021-02-19 17:59:33,1362824155100504067,@brookside_t You do have the option to dispute the charge if you cannot reach a resolution with the merchant direct‚Ä¶ https://t.co/IELbdndLZC,American Express Co,Financials
2021-02-18 16:55:15,1362445586033745923,"Multinational Client Executive - London (Central), London (Greater) - American International Group, Inc. (AIG) https://t.co/tAZTCQC8Mv","American International Group, Inc.",Financials
2021-02-18 16:55:15,1362445584683122688,"Insurance Risk Manager - London (Central), London (Greater) - American International Group, Inc. (AIG) https://t.co/Ty5R9kfxAA","American International Group, Inc.",Financials
2021-02-18 16:55:14,1362445582611197960,"Multinational Client Co Ordinator - London (Central), London (Greater) - American International Group, Inc. (AIG) https://t.co/rOLwiFlqkF","American International Group, Inc.",Financials
2021-02-18 14:20:59,1362406765451599872,Global E-cigarette and Vaping Market 2021 Analysis by Latest COVID19/CORONA Virus Impact with Market Positioning of‚Ä¶ https://t.co/nFo6OF8S3Q,"American International Group, Inc.",Financials
2021-02-17 20:52:11,1362142826763485184,"$AIG $AIG.PA - American International Group, Inc. 2020 Q4 - Results - Earnings Call Presentation.‚Ä¶ https://t.co/SD2bJmz4yC","American International Group, Inc.",Financials
2021-02-17 19:49:11,1362126972428591105,"$AIG $AIG.PA - American International Group, Inc. (AIG) CEO Brian Duperreault on Q4 2020 Results - Earnings Call Tr‚Ä¶ https://t.co/s9dEhVnI47","American International Group, Inc.",Financials
2021-02-17 18:15:31,1362103397462274048,"American International Group, Inc. $AIG held an earnings call on 2/17/2021. Here are the highlights:","American International Group, Inc.",Financials
2021-02-17 16:33:13,1362077654573346829,AIG Stock | American International Group Inc Q4 2020 Earnings Callhttps://t.co/E6E4qFSVdN,"American International Group, Inc.",Financials
2021-02-17 11:35:18,1362002680034467847,$AIG American International Group Inc Q4 2020 Earnings Call https://t.co/lkvmzJFdL5,"American International Group, Inc.",Financials
2021-02-16 23:08:17,1361814688351150080,A new filing Form 8-K [Press/News Current Report] has been made at the SEC by  $AIG $AIG.PA $AIG.WT $AIGPA $AIGWS‚Ä¶ https://t.co/MhKdqMazb5,"American International Group, Inc.",Financials
2021-02-19 15:14:55,1362782724067590155,@ErikVoorhees So far Binance Smart Chain is beating the fu** out of ETH... ETH looks slow and a bit stupid tbh. I'd‚Ä¶ https://t.co/27KEvDUALS,American Tower Corp A,Real Estate
2021-02-19 17:06:22,1362810772636729346,"$AWK:New Insider Filing on American Water Works Company, Inc.'sPresident and CEOWALTER LYNCH:https://t.co/mbZpnBLKfy",American Water Works Company Inc,Utilities
2021-02-19 16:34:24,1362802726313160706,"$AWK:New Insider Filing on American Water Works Company, Inc.'sEVP, Chief Financial OfficerM SUSAN HARDWICK:https://t.co/yCTaJCXOJP",American Water Works Company Inc,Utilities
2021-02-19 16:14:05,1362797614887010306,American Water Works Company Inc. has appointed Cheryl Norton as executive vice president and chief operating offic‚Ä¶ https://t.co/R9w6qJ2G7M,American Water Works Company Inc,Utilities
2021-02-19 14:10:23,1362766484838248449,"$AWK:New Insider Filing on American Water Works Company, Inc.'sChief Tech. &amp; Innov. OfficerADAM W. NOBLE:https://t.co/os6gMijTes",American Water Works Company Inc,Utilities
2021-02-19 11:29:22,1362725961201033221,"$AWK:New Insider Filing on American Water Works Company, Inc.'sPres, Reg. Ops &amp; Military ServBRUCE A HAUK:https://t.co/nzUrV8sGrJ",American Water Works Company Inc,Utilities
2021-02-19 10:04:17,1362704550684200960,"$AWK:New Insider Filing on American Water Works Company, Inc.'sSVP, Chief Op Excel&amp;Safety OffKEVIN B KIRWAN:https://t.co/fIH6JvYV9z",American Water Works Company Inc,Utilities
2021-02-19 01:40:22,1362577737827942401,"$AWK:New Insider Filing on American Water Works Company, Inc.'sChief Growth OfficerWILLIAM M VARLEY:https://t.co/rqH8ivgY9b",American Water Works Company Inc,Utilities
2021-02-18 21:41:24,1362517599364521989,"$AWK:New Insider Filing on American Water Works Company, Inc.'sVice President and ControllerMELISSA K. WIKLE:https://t.co/Rf7nJnEp1m",American Water Works Company Inc,Utilities
2021-02-18 21:24:33,1362513358155472900,"A Form 8-K [Press/News Current Report] filing has been made with the SEC:  $AWK American Water Works Company, Inc.‚Ä¶ https://t.co/zPWTVUB2Av",American Water Works Company Inc,Utilities
2021-02-18 21:24:24,1362513319844851714,"$AWK:New Insider Filing on American Water Works Company, Inc.'sEVP and General CounselMICHAEL A SGRO:https://t.co/PWKw6c9pzc",American Water Works Company Inc,Utilities
2021-02-20 00:23:37,1362920808323178497,"$AMP Ameriprise Financial, Inc Top stock up 171% from low. Close: 224.75 VolvsAvg: 1.60 Liq: $203M https://t.co/IIGOfwrWoF",Ameriprise Financial,Financials
2021-02-20 00:15:00,1362918642522812417,There may still be time to lower your 2020 tax bill. Below are several ideas to discuss with your Ameriprise financ‚Ä¶ https://t.co/6ZSEbmkevm,Ameriprise Financial,Financials
2021-02-19 23:15:00,1362903541896015873,One in five people have provided financial assistance to a friend or family member whose finances have suffered due‚Ä¶ https://t.co/ShHBxyequc,Ameriprise Financial,Financials
2021-02-19 22:30:00,1362892216914505728,One in five people have provided financial assistance to a friend or family member whose finances have suffered due‚Ä¶ https://t.co/IACqMCa3EC,Ameriprise Financial,Financials
2021-02-19 22:12:02,1362887693802201091,One in five people have provided financial assistance to a friend or family member whose finances have suffered due‚Ä¶ https://t.co/3fbu2JhRnN,Ameriprise Financial,Financials
2021-02-19 17:34:26,1362817836603777027,52-Week High Alert: Trading today‚Äôs movement in AMERIPRISE FINANCIAL¬†$AMP https://t.co/OBgFc8r3I5,Ameriprise Financial,Financials
2021-02-19 16:00:37,1362794224161148929,One in five people have provided financial assistance to a friend or family member whose finances have suffered due‚Ä¶ https://t.co/LFU0aFLk72,Ameriprise Financial,Financials
2021-02-19 15:00:53,1362779192996208640,One in five people have provided financial assistance to a friend or family member whose finances have suffered due‚Ä¶ https://t.co/uRQhuOvbsK,Ameriprise Financial,Financials
2021-02-19 14:03:09,1362764664367509514,One in five people have provided financial assistance to a friend or family member whose finances have suffered due‚Ä¶ https://t.co/qR27JSrEt6,Ameriprise Financial,Financials
2021-02-19 14:02:58,1362764618460893185,One in five people have provided financial assistance to a friend or family member whose finances have suffered due‚Ä¶ https://t.co/E42msWybAG,Ameriprise Financial,Financials
2021-02-19 02:32:22,1362590824551247872,A new filing Form 8-K [Press/News Current Report] has been made at the SEC by  $ABC AMERISOURCEBERGEN CORP  https://t.co/IAwBS9tFet,AmerisourceBergen Corp,Health Care
2021-02-18 21:29:30,1362514602383187969,A Form 8-K [Press/News Current Report] filing has been made with the SEC:  $ABC AMERISOURCEBERGEN CORP  https://t.co/lAmS57O3zV,AmerisourceBergen Corp,Health Care
2021-02-15 04:31:36,1361171277000622085,"RT @JOHNPUCHALSKI: Senator Marco Rubio voted to acquit Trump. His top donors are @Healthcare_ABC, @MunarMortgTeam, BGR Group, AmerisourceBe‚Ä¶",AmerisourceBergen Corp,Health Care
2021-02-15 03:59:31,1361163203145793538,"RT @JOHNPUCHALSKI: Senator Marco Rubio voted to acquit Trump. His top donors are @Healthcare_ABC, @MunarMortgTeam, BGR Group, AmerisourceBe‚Ä¶",AmerisourceBergen Corp,Health Care
2021-02-15 01:22:50,1361123772116443136,"RT @JOHNPUCHALSKI: Senator Marco Rubio voted to acquit Trump. His top donors are @Healthcare_ABC, @MunarMortgTeam, BGR Group, AmerisourceBe‚Ä¶",AmerisourceBergen Corp,Health Care
2021-02-14 20:21:00,1361047812071391237,"RT @JOHNPUCHALSKI: Senator Marco Rubio voted to acquit Trump. His top donors are @Healthcare_ABC, @MunarMortgTeam, BGR Group, AmerisourceBe‚Ä¶",AmerisourceBergen Corp,Health Care
2021-02-14 18:24:06,1361018393910906882,"RT @JOHNPUCHALSKI: Senator Marco Rubio voted to acquit Trump. His top donors are @Healthcare_ABC, @MunarMortgTeam, BGR Group, AmerisourceBe‚Ä¶",AmerisourceBergen Corp,Health Care
2021-02-14 18:16:58,1361016599948505089,"RT @JOHNPUCHALSKI: Senator Marco Rubio voted to acquit Trump. His top donors are @Healthcare_ABC, @MunarMortgTeam, BGR Group, AmerisourceBe‚Ä¶",AmerisourceBergen Corp,Health Care
2021-02-14 16:47:17,1360994029333340160,"RT @JOHNPUCHALSKI: Senator Marco Rubio voted to acquit Trump. His top donors are @Healthcare_ABC, @MunarMortgTeam, BGR Group, AmerisourceBe‚Ä¶",AmerisourceBergen Corp,Health Care
2021-02-14 16:15:40,1360986075238383616,"$MCK McKesson, AmerisourceBergen, Cardinal Health and J&amp;J could each get $1B in tax breaks if the $26B opioid settl‚Ä¶ https://t.co/c0Ma8shmsc",AmerisourceBergen Corp,Health Care
2021-02-20 10:49:25,1363078299090624523,$AME:New Insider Filing on AMETEK INC/'sCHIEF ADMINISTRATIVE OFFICERRONALD J OSCHER:https://t.co/6LFkckEttl,AMETEK Inc,Industrials
2021-02-20 06:51:24,1363018399157256192,$AME:New Insider Filing on AMETEK INC/'sExecutive VP - CFOWILLIAM JOSEPH BURKE:https://t.co/BsiU3Uoq5E,AMETEK Inc,Industrials
2021-02-20 05:49:25,1363002798217035776,$AME:New Insider Filing on AMETEK INC/'sPRESIDENT - ELECTROMECHANICALTIMOTHY N JONES:https://t.co/uIqsJfksLl,AMETEK Inc,Industrials
2021-02-20 00:22:11,1362920450897149955,"$AME AMETEK, Inc. Top stock up 114% from low. Close: 120.82 VolvsAvg: 0.83 Liq: $104M https://t.co/f3N8V6Nll6",AMETEK Inc,Industrials
2021-02-19 23:43:48,1362910788332249096,$AME Weekly Summary Alert for AMETEK Inc.From our Stock News Alerts App,AMETEK Inc,Industrials
2021-02-19 23:22:25,1362905409581965316,$AME Stock Quote Notification for AMETEK Inc.From our Stock News Alerts App,AMETEK Inc,Industrials
2021-02-19 22:50:24,1362897349476052993,$AME:New Insider Filing on AMETEK INC/'sCHIEF EXECUTIVE OFFICERDAVID A ZAPICO:https://t.co/CNJqocr0cz,AMETEK Inc,Industrials
2021-02-19 21:45:20,1362880977253597184,$AME New Form 4 for AMETEK Inc.From our Stock News Alerts App,AMETEK Inc,Industrials
2021-02-18 23:22:41,1362543088678404100,$AME Stock Quote Notification for AMETEK Inc.From our Stock News Alerts App,AMETEK Inc,Industrials
2021-02-18 17:31:18,1362454660234285061,$AME New Form 10-K for AMETEK Inc.From our Stock News Alerts App,AMETEK Inc,Industrials
2021-02-19 03:02:56,1362598514547699712,#iexStock Latest Prices:-Al Qudra Holding-AMGEN Inc.-Netapp Inc-Amazon.com Inc.-Lululemon Athletica inc.Data‚Ä¶ https://t.co/TD8tZeEm8o,Amgen Inc,Health Care
2021-02-18 14:53:17,1362414893866115076,Amgen Inc. v. Perry. (1887) Non-homicidal crimes can be seized by authorities.,Amgen Inc,Health Care
2021-02-18 13:25:23,1362392770904612867,Amgen Inc current quarter revenue growth YoY of 7.10% ranked 1634 out of 5480 companies in our database.‚Ä¶ https://t.co/QZ1uAZ0fZt,Amgen Inc,Health Care
2021-02-17 03:54:23,1361886688608473090,"$AMGN:New Insider Filing on AMGEN INC'sEVP, Research and DevelopmentDAVID M REESE:https://t.co/h6EmGVsGD3",Amgen Inc,Health Care
2021-02-17 02:04:48,1361859111084838914,$AMGN New Form 4 for Amgen Inc.From our Stock News Alerts App,Amgen Inc,Health Care
2021-02-16 20:51:34,1361780283826180109,$AMGN New Form SC 13G/A for Amgen Inc.From our Stock News Alerts App,Amgen Inc,Health Care
2021-02-16 15:40:07,1361701904322035713,"Last week, the U.S. Court of Appeals for the Federal Circuit issued an opinion in Amgen Inc. v. Sanofi, 20-1074 (Fe‚Ä¶ https://t.co/4pZCh3Wfip",Amgen Inc,Health Care
2021-02-16 04:50:43,1361538476567523328,@ripster47 @Pharmdca @ParrotStock what's you outlook on Amgen Inc. (AMGN)?,Amgen Inc,Health Care
2021-02-16 01:12:08,1361483468203560960,"Personalized Medicines Market To Set Phenomenal Growth By 2027 | 3G Biotech, Quest Diagnostics, Laboratory Corporat‚Ä¶ https://t.co/2BBEeEQXVw",Amgen Inc,Health Care
2021-02-15 20:53:38,1361418415831875584,"RT @HFClifford: @forketa2 @monicabeharding @pgd_22 @FT Here‚Äôs the top 1,000. https://t.co/OXXrNSvdX7Ireland is the EMEA HQ base for lots‚Ä¶",Amgen Inc,Health Care
